id,nombre,horasTrabajadas,sueldo
1,Delphine,136,24480.00
2,Marlane,151,27180.00
3,Sayre,191,51570.00
4,Valli,171,30780.00
5,Laurena,212,76320.00
6,Hamil,128,23040.00
7,Ettie,164,29520.00
8,Andreas,132,23760.00
9,Dita,80,14400.00
10,Euell,99,17820.00
11,Karina,185,49950.00
12,Carey,209,75240.00
13,Haze,88,15840.00
14,Averil,99,17820.00
15,Giuditta,121,21780.00
16,Hans,240,86400.00
17,Raffaello,84,15120.00
18,Franky,133,23940.00
19,Leicester,167,30060.00
20,Samantha,226,81360.00
21,Elora,144,25920.00
22,Binny,84,15120.00
23,Trudy,198,53460.00
24,Shae,104,18720.00
25,Bordy,96,17280.00
26,Mechelle,120,21600.00
27,Lucita,210,75600.00
28,Michele,88,15840.00
29,Aubry,157,28260.00
30,Ginnifer,105,18900.00
31,Pace,132,23760.00
32,Coral,81,14580.00
33,Cozmo,167,30060.00
34,Archibaldo,123,22140.00
35,Eddy,136,24480.00
37,Hilario,195,52650.00
38,Helge,176,31680.00
39,Gardener,222,79920.00
40,Gustavus,142,25560.00
41,Anderea,80,14400.00
42,Demetria,108,19440.00
43,Corabella,200,54000.00
44,Agathe,207,55890.00
45,Egor,83,14940.00
46,Murvyn,194,52380.00
47,Morten,95,17100.00
48,Marlena,233,83880.00
49,Franzen,83,14940.00
51,Law,209,75240.00
52,Stevie,238,85680.00
53,Taylor,239,86040.00
54,Olin,138,24840.00
55,Blondy,195,52650.00
56,Judas,120,21600.00
57,Aggy,116,20880.00
58,Brendin,176,31680.00
59,Joceline,142,25560.00
60,Cymbre,221,79560.00
61,Barbabra,229,82440.00
62,Rowan,110,19800.00
63,Hedda,198,53460.00
64,Nev,226,81360.00
65,Sam,233,83880.00
66,Morganne,194,52380.00
67,Deidre,95,17100.00
68,Laureen,143,25740.00
69,Crissy,195,52650.00
70,Wilone,102,18360.00
71,Milzie,92,16560.00
72,Dorisa,100,18000.00
73,Judie,152,27360.00
74,Lucas,182,49140.00
75,Kellen,206,55620.00
76,Ferdinande,175,31500.00
77,Kilian,174,31320.00
78,Bret,161,28980.00
79,Luca,164,29520.00
80,Cathe,146,26280.00
81,Zebedee,97,17460.00
82,Ediva,132,23760.00
83,Spence,144,25920.00
84,Jo ann,131,23580.00
85,Benetta,111,19980.00
86,Papageno,96,17280.00
87,Belvia,127,22860.00
88,Lynnett,140,25200.00
89,Launce,99,17820.00
90,Dougie,214,77040.00
91,Jamaal,144,25920.00
92,Alverta,155,27900.00
93,Marcelia,187,50490.00
94,Grace,131,23580.00
95,Kathi,189,51030.00
96,Raoul,197,53190.00
97,Bria,165,29700.00
98,Currey,202,54540.00
99,Daphene,142,25560.00
100,Will,130,23400.00
101,Nicko,94,16920.00
102,Bruce,83,14940.00
103,Brit,210,75600.00
104,Hyacinthe,106,19080.00
105,Andras,140,25200.00
106,Samara,221,79560.00
107,Germaine,86,15480.00
108,Demott,196,52920.00
109,Odo,228,82080.00
110,Chrotoem,116,20880.00
111,Hadleigh,110,19800.00
112,Adoree,193,52110.00
113,Whittaker,232,83520.00
114,Leodora,113,20340.00
115,Louisette,95,17100.00
116,Merna,99,17820.00
117,Sydel,187,50490.00
118,Jennine,229,82440.00
119,Tabbie,185,49950.00
120,June,202,54540.00
121,Pembroke,106,19080.00
122,Suzette,135,24300.00
123,Joete,192,51840.00
124,Adriena,200,54000.00
125,Lana,178,48060.00
126,Lyn,105,18900.00
127,Dulce,144,25920.00
128,North,220,79200.00
129,Bette,147,26460.00
130,Emmi,226,81360.00
131,Meier,152,27360.00
132,Joelly,195,52650.00
133,Marv,106,19080.00
134,Jasen,210,75600.00
135,Merilee,206,55620.00
136,Ollie,122,21960.00
137,Sherwood,189,51030.00
138,Gilligan,123,22140.00
139,Bibbie,217,78120.00
140,Mag,150,27000.00
141,Lettie,167,30060.00
142,Yelena,107,19260.00
143,Dorie,166,29880.00
144,Wyndham,135,24300.00
145,Gwenette,142,25560.00
146,Benita,132,23760.00
147,Patience,100,18000.00
148,Caryl,224,80640.00
149,Edlin,162,29160.00
150,Blake,162,29160.00
151,Durant,91,16380.00
152,Janene,216,77760.00
153,Krissy,171,30780.00
154,Monica,235,84600.00
155,Janessa,194,52380.00
156,Herb,81,14580.00
157,Fred,112,20160.00
158,Odille,175,31500.00
159,Annissa,133,23940.00
160,Electra,202,54540.00
161,Brigit,166,29880.00
162,Martyn,174,31320.00
163,Bari,230,82800.00
164,Ralph,88,15840.00
165,Katheryn,223,80280.00
166,Norma,107,19260.00
167,Sayer,168,30240.00
168,Alix,105,18900.00
169,Laurie,86,15480.00
170,Isa,165,29700.00
171,Humbert,239,86040.00
172,Emmy,80,14400.00
173,Redford,127,22860.00
174,Sabina,166,29880.00
175,Lemar,123,22140.00
176,Ranice,104,18720.00
177,Robyn,103,18540.00
178,Rosalinda,114,20520.00
179,Gordon,109,19620.00
180,Shanda,154,27720.00
181,Alvan,169,30420.00
182,Rae,99,17820.00
183,Elfrida,239,86040.00
184,Vinny,118,21240.00
185,Meredith,184,49680.00
186,Eadmund,186,50220.00
187,Cazzie,222,79920.00
188,Colman,105,18900.00
189,Jojo,98,17640.00
190,Ives,200,54000.00
191,Brett,142,25560.00
192,Tedie,171,30780.00
193,Otho,107,19260.00
194,Ritchie,153,27540.00
195,Eddy,94,16920.00
196,Kat,131,23580.00
197,Dorise,217,78120.00
198,Alyss,80,14400.00
199,Lorelei,191,51570.00
200,Pasquale,240,86400.00
201,Yvonne,190,51300.00
202,Kilian,152,27360.00
203,Kacie,85,15300.00
204,Rube,144,25920.00
205,Elita,95,17100.00
206,Tana,114,20520.00
207,Pansie,118,21240.00
208,Iormina,131,23580.00
209,Juliet,199,53730.00
210,Ida,207,55890.00
211,Romona,216,77760.00
212,Beaufort,218,78480.00
213,Bern,155,27900.00
214,Joana,205,55350.00
215,Shay,201,54270.00
216,Ximenez,170,30600.00
217,Sydel,228,82080.00
218,Ethelda,124,22320.00
219,Cyrus,225,81000.00
220,Gerardo,168,30240.00
221,Barnabas,159,28620.00
222,Winona,175,31500.00
223,Hanni,209,75240.00
224,Lilah,166,29880.00
225,Tallou,194,52380.00
226,Riki,138,24840.00
227,Krystle,147,26460.00
228,Tracy,177,47790.00
229,Estella,124,22320.00
230,Nessy,158,28440.00
231,Maighdiln,236,84960.00
232,Hadleigh,158,28440.00
233,Amalita,186,50220.00
234,Jordan,190,51300.00
235,Claudius,146,26280.00
236,Bonni,135,24300.00
237,Rhetta,98,17640.00
238,Allister,90,16200.00
239,Chariot,224,80640.00
240,Wolfgang,204,55080.00
241,Bibbye,144,25920.00
242,Marje,168,30240.00
243,Conway,158,28440.00
244,Jenn,92,16560.00
245,Berty,194,52380.00
246,Edwin,228,82080.00
247,Theodoric,187,50490.00
248,Eirena,128,23040.00
249,Michele,181,48870.00
250,Scotti,211,75960.00
251,Teodora,153,27540.00
252,Tersina,105,18900.00
253,Elisha,142,25560.00
254,Babb,181,48870.00
255,Raleigh,130,23400.00
256,Earvin,211,75960.00
257,Philippe,165,29700.00
258,Eran,186,50220.00
259,Casey,153,27540.00
260,Celestyn,224,80640.00
261,Lauritz,116,20880.00
262,Obie,162,29160.00
263,Rhona,226,81360.00
264,Norbert,175,31500.00
265,Yank,94,16920.00
266,Rafaelita,113,20340.00
267,Sig,83,14940.00
268,Anastasia,98,17640.00
269,Jonah,222,79920.00
270,Morgen,213,76680.00
271,Gwenore,240,86400.00
272,Marven,96,17280.00
273,Jasmine,213,76680.00
274,Kassia,195,52650.00
275,Fidelity,227,81720.00
276,Leslie,230,82800.00
277,Brooks,83,14940.00
278,Julio,219,78840.00
279,Ezri,238,85680.00
280,Rana,130,23400.00
281,Ettore,191,51570.00
282,Felice,203,54810.00
283,Georgena,156,28080.00
284,Alli,192,51840.00
285,Demott,236,84960.00
286,Augustus,225,81000.00
287,Madelaine,168,30240.00
288,Nicola,135,24300.00
289,Bearnard,120,21600.00
290,Hannis,147,26460.00
291,Loise,170,30600.00
292,Walker,84,15120.00
293,Kissiah,136,24480.00
294,Ronna,210,75600.00
295,Shirline,103,18540.00
296,Florella,146,26280.00
297,Wyn,207,55890.00
298,Rosabella,104,18720.00
299,Rodi,235,84600.00
300,Vasilis,214,77040.00
301,Roseanne,94,16920.00
302,Archibaldo,230,82800.00
303,Pamella,80,14400.00
304,Bonnibelle,167,30060.00
305,Wesley,80,14400.00
306,Carin,167,30060.00
307,Derril,102,18360.00
308,Land,197,53190.00
309,Angele,213,76680.00
310,Katrina,158,28440.00
311,Marcella,162,29160.00
312,Petronia,146,26280.00
313,Sloan,135,24300.00
314,Louie,212,76320.00
315,Sandro,216,77760.00
316,Alyse,214,77040.00
317,Boris,148,26640.00
318,Rikki,221,79560.00
319,Johannah,218,78480.00
320,Valle,150,27000.00
321,Lelia,150,27000.00
322,Saree,201,54270.00
323,Orelie,222,79920.00
324,Netta,92,16560.00
325,Henry,212,76320.00
326,Gaven,199,53730.00
327,Veronica,85,15300.00
328,Betti,108,19440.00
329,Amelie,179,48330.00
330,Forbes,155,27900.00
331,Teddy,231,83160.00
332,Leta,112,20160.00
333,Abner,119,21420.00
334,Reta,172,30960.00
335,Caprice,221,79560.00
336,Harris,117,21060.00
337,Curran,227,81720.00
338,Chev,167,30060.00
339,Ally,141,25380.00
340,Alisander,115,20700.00
341,Stearne,147,26460.00
342,Hunter,146,26280.00
343,Aubree,220,79200.00
344,Allin,197,53190.00
345,Donalt,152,27360.00
346,Dannie,166,29880.00
347,Delano,116,20880.00
348,Fee,114,20520.00
349,Sigismund,220,79200.00
350,Sandy,178,48060.00
351,Helena,126,22680.00
352,Rocky,115,20700.00
353,Ray,112,20160.00
354,Eyde,106,19080.00
355,Terry,137,24660.00
356,Ardra,163,29340.00
357,Melicent,218,78480.00
358,Dorie,204,55080.00
359,Nollie,97,17460.00
360,Dilan,104,18720.00
361,Myrtle,228,82080.00
362,Arabel,217,78120.00
363,Christos,94,16920.00
364,Leticia,131,23580.00
365,Veronika,226,81360.00
366,Blithe,199,53730.00
367,Chad,100,18000.00
368,Leonanie,206,55620.00
369,Doralin,227,81720.00
370,Pen,96,17280.00
371,Nadiya,155,27900.00
372,Arabela,100,18000.00
373,Kerrie,168,30240.00
374,Colver,227,81720.00
375,Taddeusz,139,25020.00
376,Chic,151,27180.00
377,Dorisa,223,80280.00
378,Mirelle,232,83520.00
379,Channa,144,25920.00
380,Wandis,183,49410.00
381,Rebeka,114,20520.00
382,Gran,198,53460.00
383,Audi,137,24660.00
384,Tessy,177,47790.00
385,Ignacius,216,77760.00
386,Manuel,104,18720.00
387,Kerk,193,52110.00
388,Maxwell,227,81720.00
389,Carmelle,165,29700.00
390,Galvin,92,16560.00
391,Courtney,222,79920.00
392,Karney,132,23760.00
393,Tris,190,51300.00
394,Andie,165,29700.00
395,Tasia,105,18900.00
396,Aryn,218,78480.00
397,Ninetta,212,76320.00
398,Vick,109,19620.00
399,Laurice,216,77760.00
400,Junette,93,16740.00
401,Cherin,210,75600.00
402,Phillis,148,26640.00
403,Kyla,157,28260.00
404,Carmina,178,48060.00
405,El,125,22500.00
406,Janetta,116,20880.00
407,Guillema,166,29880.00
408,Sara,235,84600.00
409,Marcella,207,55890.00
410,Beaufort,136,24480.00
411,Torre,87,15660.00
412,Cammy,127,22860.00
413,Brose,233,83880.00
414,Stepha,148,26640.00
415,Margalit,200,54000.00
416,Duffie,94,16920.00
417,Rowe,208,56160.00
418,Demetri,107,19260.00
419,Packston,226,81360.00
420,Madison,108,19440.00
421,Tiphani,164,29520.00
422,Wendall,188,50760.00
423,Tiphany,180,48600.00
424,Sharleen,206,55620.00
425,Virgina,166,29880.00
426,Trevor,202,54540.00
427,Lynea,233,83880.00
428,Tarra,121,21780.00
429,Liam,127,22860.00
430,Ania,129,23220.00
431,Arlan,82,14760.00
432,Kiri,156,28080.00
433,Ferdinanda,227,81720.00
434,Melisande,190,51300.00
435,Donelle,120,21600.00
436,Ignace,181,48870.00
437,Josh,127,22860.00
438,Kevyn,238,85680.00
439,Benny,233,83880.00
440,Walton,134,24120.00
441,Josias,172,30960.00
442,Fiorenze,225,81000.00
443,Pierson,152,27360.00
444,Romonda,146,26280.00
445,Abraham,141,25380.00
446,Zelda,108,19440.00
447,Cointon,180,48600.00
448,Leonid,125,22500.00
449,Gal,194,52380.00
450,Andrei,152,27360.00
451,Melamie,114,20520.00
452,Farrand,142,25560.00
453,Alfy,207,55890.00
454,Simonne,151,27180.00
455,Chauncey,87,15660.00
456,Austina,224,80640.00
457,Goldia,239,86040.00
458,Osborne,163,29340.00
459,Ertha,115,20700.00
460,Francine,170,30600.00
461,Hill,108,19440.00
462,Charmaine,232,83520.00
463,Eimile,90,16200.00
464,Theo,113,20340.00
465,Dimitri,203,54810.00
466,Seamus,132,23760.00
467,Dido,191,51570.00
468,Gerladina,117,21060.00
469,Des,177,47790.00
470,Horace,120,21600.00
471,Calida,138,24840.00
472,Murielle,224,80640.00
473,Rosamund,147,26460.00
474,Sorcha,93,16740.00
475,Shandee,102,18360.00
476,Tildi,206,55620.00
477,Oren,135,24300.00
478,Chrysler,100,18000.00
479,Rolando,159,28620.00
480,Renell,133,23940.00
481,Brigitte,203,54810.00
482,Lu,210,75600.00
483,Simonette,132,23760.00
484,Rockey,189,51030.00
485,Hertha,148,26640.00
486,Tarrah,82,14760.00
487,Mikey,233,83880.00
488,Carlin,157,28260.00
489,Filmer,131,23580.00
490,Leigh,126,22680.00
491,Amil,145,26100.00
492,Earlie,104,18720.00
493,Gianna,144,25920.00
494,Bentley,109,19620.00
495,Horatia,106,19080.00
496,Rosamund,101,18180.00
497,Jeralee,134,24120.00
498,Alec,170,30600.00
499,Bary,191,51570.00
500,Bev,194,52380.00
501,Shauna,176,31680.00
502,Del,105,18900.00
503,Anthiathia,91,16380.00
504,Brandie,180,48600.00
505,Hollyanne,120,21600.00
506,Rowen,104,18720.00
507,Juli,192,51840.00
508,Ardra,207,55890.00
509,Elton,173,31140.00
510,Elmira,216,77760.00
511,Nara,179,48330.00
512,Wallas,228,82080.00
513,Scotty,223,80280.00
514,Tabb,171,30780.00
515,Yancey,209,75240.00
516,Homer,209,75240.00
517,Abbe,166,29880.00
518,Goran,136,24480.00
519,Tally,167,30060.00
520,Katinka,178,48060.00
521,Sigfrid,109,19620.00
522,Grantham,141,25380.00
523,Briano,146,26280.00
524,Ronica,186,50220.00
525,Emlen,227,81720.00
526,Annabel,215,77400.00
527,Waldo,215,77400.00
528,Cad,157,28260.00
529,Karlen,200,54000.00
530,Minni,110,19800.00
531,Nananne,156,28080.00
532,Gary,136,24480.00
533,Jefferey,153,27540.00
534,Marlo,223,80280.00
535,Franny,123,22140.00
536,Danell,145,26100.00
537,Elysha,149,26820.00
538,Claudius,106,19080.00
539,Dilly,178,48060.00
540,Dyan,91,16380.00
541,Perry,188,50760.00
542,Pace,233,83880.00
543,Dalila,127,22860.00
544,Skipp,235,84600.00
545,Gal,229,82440.00
546,Sigismund,106,19080.00
547,Derick,223,80280.00
548,Florenza,225,81000.00
549,Egbert,236,84960.00
550,Arliene,198,53460.00
551,Caren,179,48330.00
552,Ginger,84,15120.00
553,Morgan,127,22860.00
554,Angeli,109,19620.00
555,Wallache,100,18000.00
556,Alexandrina,206,55620.00
557,Mirabella,183,49410.00
558,Gamaliel,180,48600.00
559,Karisa,102,18360.00
560,Walker,191,51570.00
561,Art,186,50220.00
562,Juanita,139,25020.00
563,Lynsey,151,27180.00
564,Decca,202,54540.00
565,Margie,225,81000.00
566,Nils,137,24660.00
567,Ryan,169,30420.00
568,Quintina,113,20340.00
569,Karlik,122,21960.00
570,Care,204,55080.00
571,Athena,191,51570.00
572,Ansell,209,75240.00
573,Dugald,113,20340.00
574,Laraine,166,29880.00
575,Reggis,216,77760.00
576,Robert,101,18180.00
577,Cassi,209,75240.00
578,Kelly,184,49680.00
579,Efrem,154,27720.00
580,Gibb,161,28980.00
581,Cash,228,82080.00
582,Lew,157,28260.00
583,Ros,127,22860.00
584,Maximo,177,47790.00
585,Lynn,206,55620.00
586,Waring,131,23580.00
587,Zuzana,214,77040.00
588,Lombard,110,19800.00
589,Laurena,156,28080.00
590,Gwynne,116,20880.00
591,Carlie,206,55620.00
592,Darbie,145,26100.00
593,Fleurette,181,48870.00
594,Leilah,127,22860.00
595,Newton,111,19980.00
596,Esra,168,30240.00
597,Laurice,119,21420.00
598,Neala,218,78480.00
599,Archibald,100,18000.00
600,Meghan,187,50490.00
601,Gregoor,200,54000.00
602,Cassandry,120,21600.00
603,Rahel,223,80280.00
604,Chiquita,90,16200.00
605,Casey,221,79560.00
606,Georgina,159,28620.00
607,Axe,90,16200.00
608,Marline,236,84960.00
609,Matty,152,27360.00
610,Josias,114,20520.00
611,Ag,200,54000.00
612,Dannie,94,16920.00
613,Gusty,95,17100.00
614,Abraham,210,75600.00
615,Bernadette,212,76320.00
616,Farra,191,51570.00
617,Miner,113,20340.00
618,Layton,211,75960.00
619,Roderigo,215,77400.00
620,Karrie,150,27000.00
621,Eirena,85,15300.00
622,Tracee,80,14400.00
623,Normand,157,28260.00
624,Joan,226,81360.00
625,Evangeline,177,47790.00
626,Kristian,103,18540.00
627,Junina,192,51840.00
628,Thom,221,79560.00
629,Margy,215,77400.00
630,Thorn,117,21060.00
631,Jamie,130,23400.00
632,Flss,219,78840.00
633,Ad,141,25380.00
634,Jeanie,183,49410.00
635,Luigi,236,84960.00
636,Kory,206,55620.00
637,Chloette,146,26280.00
638,Dorolisa,107,19260.00
639,Thain,222,79920.00
640,Manya,189,51030.00
641,Otto,188,50760.00
642,Raynard,126,22680.00
643,Giulio,150,27000.00
644,Lambert,234,84240.00
645,Terese,107,19260.00
646,Nannette,146,26280.00
647,Reuben,203,54810.00
648,Biron,81,14580.00
649,Lynnette,207,55890.00
650,Irv,225,81000.00
651,Hammad,115,20700.00
652,Cilka,238,85680.00
653,Killian,86,15480.00
654,Bent,149,26820.00
655,Skippy,96,17280.00
656,Nil,117,21060.00
657,Jake,99,17820.00
658,Jordan,232,83520.00
659,Ange,99,17820.00
660,Yardley,127,22860.00
661,Rhonda,185,49950.00
662,Lisle,151,27180.00
663,Durand,125,22500.00
664,Nickie,163,29340.00
665,Louisa,224,80640.00
666,Alyssa,173,31140.00
667,Harman,112,20160.00
668,Annemarie,240,86400.00
669,Aryn,127,22860.00
670,Daniela,178,48060.00
671,Jania,191,51570.00
672,Mirabella,202,54540.00
673,Ashly,135,24300.00
674,Blake,199,53730.00
675,Kaycee,185,49950.00
676,Murray,146,26280.00
677,Aloin,110,19800.00
678,Carroll,203,54810.00
679,Randy,221,79560.00
680,Joyann,198,53460.00
681,Yale,202,54540.00
682,Abraham,220,79200.00
683,Othella,207,55890.00
684,Alanna,238,85680.00
685,Clevey,102,18360.00
686,Darb,201,54270.00
687,Eugenie,164,29520.00
688,Brunhilde,80,14400.00
689,Bernardine,166,29880.00
690,Pasquale,201,54270.00
691,Clarinda,95,17100.00
692,Elwyn,155,27900.00
693,Megan,207,55890.00
694,Chrisse,99,17820.00
695,Gennie,176,31680.00
696,Emmalee,216,77760.00
697,Adria,184,49680.00
698,Bliss,96,17280.00
699,Issy,132,23760.00
700,Phillida,203,54810.00
701,Hagen,104,18720.00
702,Jaine,135,24300.00
703,Bette,219,78840.00
704,Issy,222,79920.00
705,Bernardina,156,28080.00
706,Tate,185,49950.00
707,Madelon,171,30780.00
708,Amie,146,26280.00
709,Ninette,167,30060.00
710,Anneliese,80,14400.00
711,Rosanne,203,54810.00
712,Genvieve,151,27180.00
713,Noam,201,54270.00
714,Gracie,213,76680.00
715,Gunter,136,24480.00
716,Silvanus,125,22500.00
717,Johnath,168,30240.00
718,Clotilda,225,81000.00
719,Yvonne,126,22680.00
720,Colleen,169,30420.00
721,Avril,198,53460.00
722,Zechariah,155,27900.00
723,Angeli,155,27900.00
724,Cammy,87,15660.00
725,Donella,169,30420.00
726,Leone,240,86400.00
727,Rey,168,30240.00
728,Angel,151,27180.00
729,Ches,166,29880.00
730,Haley,122,21960.00
731,Vittoria,155,27900.00
732,Gratiana,128,23040.00
733,Randi,106,19080.00
734,Jodi,81,14580.00
735,Rosabella,198,53460.00
736,Lev,156,28080.00
737,Jennette,141,25380.00
738,Lin,234,84240.00
739,Maisie,159,28620.00
740,Georgi,109,19620.00
741,Obidiah,199,53730.00
742,Algernon,229,82440.00
743,Aurelia,133,23940.00
744,Elbertina,189,51030.00
745,Liana,93,16740.00
746,Babbie,226,81360.00
747,Hamlin,162,29160.00
748,Deana,218,78480.00
749,Lita,141,25380.00
750,Merrili,180,48600.00
751,Pammy,221,79560.00
752,Jenda,136,24480.00
753,Belva,182,49140.00
754,Madelon,234,84240.00
755,Homerus,210,75600.00
756,Luther,174,31320.00
757,Lulu,115,20700.00
758,Read,91,16380.00
759,Filmore,86,15480.00
760,Herrick,122,21960.00
761,Dolph,103,18540.00
762,Tedi,228,82080.00
763,Rosanna,139,25020.00
764,Jo,102,18360.00
765,Brandea,156,28080.00
766,Brice,237,85320.00
767,Penny,163,29340.00
768,Janela,102,18360.00
769,Karyn,155,27900.00
770,Dalia,120,21600.00
771,Lizette,143,25740.00
772,Cacilia,154,27720.00
773,Ezequiel,150,27000.00
774,Corey,89,16020.00
775,Aurelea,229,82440.00
776,Joshia,220,79200.00
777,Karoly,212,76320.00
778,Gary,145,26100.00
779,Shelley,146,26280.00
780,Peirce,232,83520.00
781,Alis,155,27900.00
782,Marlowe,96,17280.00
783,Melisenda,105,18900.00
784,Gib,235,84600.00
785,Henry,215,77400.00
786,Ly,85,15300.00
787,Arlan,173,31140.00
788,Aleksandr,164,29520.00
789,Janina,152,27360.00
790,Yank,192,51840.00
791,Molli,81,14580.00
792,Shayna,224,80640.00
793,Roberto,207,55890.00
794,Pail,161,28980.00
795,Montgomery,157,28260.00
796,Brittne,114,20520.00
797,Fayth,221,79560.00
798,Vin,169,30420.00
799,Rhea,82,14760.00
800,Armando,216,77760.00
801,Hedvig,238,85680.00
802,Bili,152,27360.00
803,Lindsy,123,22140.00
804,Bartie,92,16560.00
805,Colver,203,54810.00
806,Brooks,185,49950.00
807,Glynn,172,30960.00
808,Gerardo,126,22680.00
809,Blaire,181,48870.00
810,Rees,206,55620.00
811,Eleanor,207,55890.00
812,Wilhelmine,148,26640.00
813,Gaelan,154,27720.00
814,Freddy,125,22500.00
815,Gwenny,208,56160.00
816,Wynnie,104,18720.00
817,Basilio,181,48870.00
818,Harland,131,23580.00
819,Esma,223,80280.00
820,Boothe,221,79560.00
821,Aleta,209,75240.00
822,Manon,160,28800.00
823,Sergeant,210,75600.00
824,Cordy,94,16920.00
825,Michail,135,24300.00
826,Aime,178,48060.00
827,Stanford,234,84240.00
828,Euell,134,24120.00
829,Gibb,152,27360.00
830,Natividad,88,15840.00
831,Shane,181,48870.00
832,Barbra,219,78840.00
833,Courtney,121,21780.00
834,Doug,209,75240.00
835,Alfons,167,30060.00
836,Bertine,95,17100.00
837,Winnie,224,80640.00
838,Ibrahim,212,76320.00
839,Forester,143,25740.00
840,Evelyn,226,81360.00
841,Juliann,102,18360.00
842,Sarah,90,16200.00
843,Berkly,108,19440.00
844,Stormy,208,56160.00
845,Harrie,129,23220.00
846,Cosmo,179,48330.00
847,Noe,97,17460.00
848,Giulio,96,17280.00
849,Quinn,176,31680.00
850,Frankie,117,21060.00
851,Parke,115,20700.00
852,Tamara,113,20340.00
853,Colas,99,17820.00
854,Karry,182,49140.00
855,Al,205,55350.00
856,Gilli,209,75240.00
857,Monah,160,28800.00
858,Brietta,172,30960.00
859,Chase,193,52110.00
860,Claribel,142,25560.00
861,Anthia,108,19440.00
862,Ray,233,83880.00
863,Jaclin,238,85680.00
864,Kathrine,204,55080.00
865,Drew,188,50760.00
866,Fidel,146,26280.00
867,Hansiain,116,20880.00
868,Hoyt,171,30780.00
869,Benni,84,15120.00
870,Frieda,226,81360.00
871,Tonie,146,26280.00
872,Tressa,159,28620.00
873,Murray,178,48060.00
874,Brett,192,51840.00
875,Ruby,225,81000.00
876,Maggi,220,79200.00
877,Marcos,238,85680.00
878,Cherye,179,48330.00
879,Tressa,162,29160.00
880,Mortimer,105,18900.00
881,Nettle,181,48870.00
882,Jesus,171,30780.00
883,Gay,158,28440.00
884,Arabelle,204,55080.00
885,Pablo,240,86400.00
886,Amelita,208,56160.00
887,Amil,123,22140.00
888,Shay,86,15480.00
889,Constantin,178,48060.00
890,Isidoro,158,28440.00
891,Philip,239,86040.00
892,Horst,205,55350.00
893,Jamal,237,85320.00
894,Tedda,188,50760.00
895,Winnie,182,49140.00
896,Haze,153,27540.00
897,Isadora,205,55350.00
898,Sidoney,158,28440.00
899,Yuri,82,14760.00
900,Spike,186,50220.00
901,Lorry,126,22680.00
902,Richmound,123,22140.00
903,Constancia,194,52380.00
904,Meghann,96,17280.00
905,Trude,136,24480.00
906,Reinald,102,18360.00
907,Cheston,181,48870.00
908,Godfry,196,52920.00
909,Edik,108,19440.00
910,Mortie,114,20520.00
911,Dun,132,23760.00
912,Ailyn,186,50220.00
913,Reggi,115,20700.00
914,Sheppard,112,20160.00
915,Curt,240,86400.00
916,Boigie,212,76320.00
917,Dulci,183,49410.00
918,Lisette,211,75960.00
919,Kimmie,143,25740.00
920,Sibilla,237,85320.00
921,Faunie,137,24660.00
922,Loria,154,27720.00
923,Nealon,175,31500.00
924,Skipp,137,24660.00
925,Tiena,95,17100.00
926,Galvin,195,52650.00
927,Erda,135,24300.00
928,Lulita,197,53190.00
929,Ringo,181,48870.00
930,Conn,115,20700.00
931,Allyson,91,16380.00
932,Joya,178,48060.00
933,Rafferty,87,15660.00
934,Debby,181,48870.00
936,Clayson,229,82440.00
937,Jennine,115,20700.00
938,Drona,164,29520.00
939,Brynna,196,52920.00
940,Francisco,140,25200.00
941,Charlene,176,31680.00
942,Egor,189,51030.00
943,Westleigh,88,15840.00
944,Suzanna,142,25560.00
945,Noe,105,18900.00
946,Dewey,145,26100.00
947,Cornelius,226,81360.00
948,Georgie,184,49680.00
949,Sherman,182,49140.00
950,Humphrey,211,75960.00
951,Vale,210,75600.00
952,Chiquita,181,48870.00
953,Burr,102,18360.00
954,Harmonia,179,48330.00
955,Giacomo,190,51300.00
956,Brian,196,52920.00
957,Irwinn,174,31320.00
958,Ashleigh,216,77760.00
959,Morty,192,51840.00
960,Chaddy,227,81720.00
961,Garik,97,17460.00
962,Cookie,100,18000.00
963,Waldo,207,55890.00
964,Mariam,216,77760.00
965,Bryna,102,18360.00
966,Joannes,147,26460.00
967,Donielle,186,50220.00
968,Emma,227,81720.00
969,Normand,109,19620.00
970,Gavrielle,125,22500.00
971,Seumas,96,17280.00
972,Wyatt,176,31680.00
973,Bogart,174,31320.00
974,Ellette,215,77400.00
975,Enrico,123,22140.00
976,Christoffer,153,27540.00
977,Riannon,209,75240.00
978,Jenelle,110,19800.00
979,Fredrika,143,25740.00
980,Francisco,85,15300.00
981,Torr,234,84240.00
982,Valerye,136,24480.00
983,Anthia,84,15120.00
984,Stormi,135,24300.00
985,Randal,119,21420.00
986,Hugh,142,25560.00
987,Marlane,92,16560.00
988,Tybie,109,19620.00
989,Bethanne,236,84960.00
990,Karoly,85,15300.00
991,Wendie,225,81000.00
992,Giselle,175,31500.00
993,Sisely,158,28440.00
994,Jen,152,27360.00
995,Tabbie,110,19800.00
996,Mab,127,22860.00
997,Viole,131,23580.00
998,Abbye,125,22500.00
999,Lauralee,95,17100.00
1000,Jessie,175,31500.00
